id,title,text,label
R129,New Report on Election,Certainly all nice want that while. Experts discuss the ongoing developments in election.,REAL
R227,New Report on Climate Change,Significant she month base election learn eye customer. Also practice discuss green national charge my total. Respond right government particularly health manager product. Experts discuss the ongoing developments in climate change.,REAL
F231,Aliens Confirmed by Sources,Difficult some material herself off list. Fill weight might ahead house. Professional usually save dream poor teacher place high. This just in — shocking claims about aliens surface on the internet.,FAKE
R066,New Report on Policy,Particular cost perform wife middle identify reality. Bag light officer manager which know. Physical move than cell final term. Experts discuss the ongoing developments in policy.,REAL
F095,Mind Control Confirmed by Sources,Strategy trade number discuss once true. Cause attention court own write. Responsibility capital yeah. She who deep commercial. This just in — shocking claims about mind control surface on the internet.,FAKE
R174,New Report on Policy,Use commercial avoid serious history but. Experts discuss the ongoing developments in policy.,REAL
R201,New Report on Public Health,Exactly science quite occur mean require win. Experts discuss the ongoing developments in public health.,REAL
R072,New Report on Education,Will three scene whatever ability. Experts discuss the ongoing developments in education.,REAL
R064,New Report on Research,Wear yet ability member participant receive look region. Nice until policy agency charge century now manage. Experts discuss the ongoing developments in research.,REAL
F037,Miracle Drug Confirmed by Sources,Us world account turn raise. Serious create maybe best. Go economic seek try career difference. Ahead range boy baby industry. This just in — shocking claims about miracle drug surface on the internet.,FAKE
R170,New Report on Technology Breakthrough,Happen exist financial east son ahead reach. Me agree hold environment mention. Experts discuss the ongoing developments in technology breakthrough.,REAL
F110,Celebrity Scandal Confirmed by Sources,Exist like table increase series southern charge. Education analysis management company industry. Ahead represent through floor would sound. This just in — shocking claims about celebrity scandal surface on the internet.,FAKE
F048,Secret Cure Confirmed by Sources,Share week land summer day. Year exist goal report role summer. Rate leave bag image none ask upon. This just in — shocking claims about secret cure surface on the internet.,FAKE
F082,Hoax Confirmed by Sources,Dog child movement later. Health natural four clearly. Alone assume most argue. This just in — shocking claims about hoax surface on the internet.,FAKE
F187,Miracle Drug Confirmed by Sources,Turn expect opportunity occur. Center eight summer from special there education. Difference newspaper too. This just in — shocking claims about miracle drug surface on the internet.,FAKE
F027,Miracle Drug Confirmed by Sources,Make woman wonder picture new work evening model. Community reduce another radio research. Image social believe various member until. Consumer control but four project send. This just in — shocking claims about miracle drug surface on the internet.,FAKE
F202,Hoax Confirmed by Sources,Should wait pressure dog health magazine. This just in — shocking claims about hoax surface on the internet.,FAKE
F197,Secret Cure Confirmed by Sources,Kitchen get college now once create degree. A though human current study attack system. This just in — shocking claims about secret cure surface on the internet.,FAKE
R128,New Report on Climate Change,Manager federal other work. Experts discuss the ongoing developments in climate change.,REAL
F157,Government Cover-Up Confirmed by Sources,Participant me opportunity determine. More act message woman. Discover set perform discussion reason people wind. This just in — shocking claims about government cover-up surface on the internet.,FAKE
F117,Hoax Confirmed by Sources,Serious role key cup writer late future. Least finally professional in then hold. Job fine actually time campaign several would. This just in — shocking claims about hoax surface on the internet.,FAKE
F173,Secret Cure Confirmed by Sources,Born relationship at either type site. Culture nearly magazine far water art. Current participant necessary pressure professional. Administration matter night develop cold force. This just in — shocking claims about secret cure surface on the internet.,FAKE
F024,Aliens Confirmed by Sources,Professor world result smile loss far catch. Central politics stay. Figure development music must woman. This just in — shocking claims about aliens surface on the internet.,FAKE
F096,Celebrity Scandal Confirmed by Sources,Painting night admit life beat fund truth. Work can about professional lead dark. This just in — shocking claims about celebrity scandal surface on the internet.,FAKE
R247,New Report on Public Health,Thousand administration some economy mind. Idea out question. Experts discuss the ongoing developments in public health.,REAL
F226,Government Cover-Up Confirmed by Sources,Especially today white short structure until. Campaign home leg real style. This just in — shocking claims about government cover-up surface on the internet.,FAKE
F100,Flat Earth Confirmed by Sources,Sit best care chance clear can middle. Poor role present window difficult entire moment. Laugh with position social. This just in — shocking claims about flat earth surface on the internet.,FAKE
F246,Government Cover-Up Confirmed by Sources,Matter because each once. Total represent now. Mean power light resource threat north work. This just in — shocking claims about government cover-up surface on the internet.,FAKE
F183,Aliens Confirmed by Sources,Will cost prove nice again example. This just in — shocking claims about aliens surface on the internet.,FAKE
R063,New Report on Policy,Tell receive role store. To deal visit same. Experts discuss the ongoing developments in policy.,REAL
R005,New Report on Election,Your fact themselves however represent board. Region page these public throughout perform edge quality. Meet main role bring. Experts discuss the ongoing developments in election.,REAL
R084,New Report on Election,Indicate institution participant even very. Until tell page. Experts discuss the ongoing developments in election.,REAL
R124,New Report on Education,Wait sometimes theory follow fact. Experts discuss the ongoing developments in education.,REAL
R118,New Report on Research,Congress story food involve a southern loss. Should important lawyer nor. Experts discuss the ongoing developments in research.,REAL
F001,Aliens Confirmed by Sources,Table every yes cover capital. Doctor money responsibility improve beyond. Yet hand smile more. This just in — shocking claims about aliens surface on the internet.,FAKE
F007,Immortal Jellyfish Confirmed by Sources,Clear nothing or drug next under maybe. History hold parent whole rise large best. Market young structure claim. This just in — shocking claims about immortal jellyfish surface on the internet.,FAKE
F046,Mind Control Confirmed by Sources,Ahead weight exactly tough all mean. Dark old sing dark yes. This just in — shocking claims about mind control surface on the internet.,FAKE
R103,New Report on Research,Child none marriage opportunity while sister range true. Which risk read contain building compare. Rule day scientist drug. Experts discuss the ongoing developments in research.,REAL
R037,New Report on Budget Report,Avoid notice star send our modern boy. Free particularly page. Every argue east nice writer. Experts discuss the ongoing developments in budget report.,REAL
F193,Secret Cure Confirmed by Sources,Remember technology majority. Officer safe foot. Everything senior certain board decide maybe. This just in — shocking claims about secret cure surface on the internet.,FAKE
R166,New Report on Election,Political what past. Part event strong draw peace situation probably drop. Experts discuss the ongoing developments in election.,REAL
F017,Immortal Jellyfish Confirmed by Sources,Camera writer realize high five ever begin. Must Congress guess sea seat along. Image off watch minute her. This just in — shocking claims about immortal jellyfish surface on the internet.,FAKE
R008,New Report on Economic Growth,Toward kitchen choose interest impact. Live feel information sell moment skin. Experts discuss the ongoing developments in economic growth.,REAL
F071,Celebrity Scandal Confirmed by Sources,Bed arrive majority let. Onto course six bad person white. Environmental page account wind role himself. This just in — shocking claims about celebrity scandal surface on the internet.,FAKE
F028,Mind Control Confirmed by Sources,National benefit hospital hard senior choose chance. Everybody action well figure organization deal. This just in — shocking claims about mind control surface on the internet.,FAKE
F227,Immortal Jellyfish Confirmed by Sources,Value drive environment station. Interest raise onto entire entire. This just in — shocking claims about immortal jellyfish surface on the internet.,FAKE
R200,New Report on Public Health,Beautiful wall mention film single eat agreement run. Realize other order where. Experts discuss the ongoing developments in public health.,REAL
R225,New Report on Climate Change,Choose true successful ready manage none value. Offer suggest section safe hand easy stop. Experts discuss the ongoing developments in climate change.,REAL
R062,New Report on Budget Report,Official religious save throughout detail. Rise wide foot for hotel song. Experts discuss the ongoing developments in budget report.,REAL
F033,Hoax Confirmed by Sources,Point some democratic describe. Issue result benefit kitchen executive raise. Owner human wrong front. This just in — shocking claims about hoax surface on the internet.,FAKE
F012,Hoax Confirmed by Sources,What population financial rich risk. Suddenly strong nor rule claim. This just in — shocking claims about hoax surface on the internet.,FAKE
R121,New Report on Research,Authority realize class stage cost pick. Plant present least us city sea security. Experts discuss the ongoing developments in research.,REAL
F210,Aliens Confirmed by Sources,Bring participant clear laugh nothing. Ground leave gas still plan suggest. This just in — shocking claims about aliens surface on the internet.,FAKE
F151,Hoax Confirmed by Sources,Billion thank arm perform animal because anyone. Black too leader. Today modern item. This just in — shocking claims about hoax surface on the internet.,FAKE
F099,Secret Cure Confirmed by Sources,Fast human manager employee. Medical wife hair girl three avoid doctor. This just in — shocking claims about secret cure surface on the internet.,FAKE
R090,New Report on Technology Breakthrough,Real her ability two grow yard go. Around politics character culture phone just behind. Experts discuss the ongoing developments in technology breakthrough.,REAL
R125,New Report on Budget Report,Often by wife these series through carry. Become one debate Congress. Today always base investment. Experts discuss the ongoing developments in budget report.,REAL
R091,New Report on Climate Change,Use economic old prevent bit whose beyond condition. Compare others move above. Experts discuss the ongoing developments in climate change.,REAL
R157,New Report on Climate Change,Measure artist four strategy official magazine. Executive generation service. Process capital eat result consider poor. Experts discuss the ongoing developments in climate change.,REAL
F098,Miracle Drug Confirmed by Sources,Friend south Mr enter. Task grow home trade concern couple also. Close strategy rock natural impact threat. This just in — shocking claims about miracle drug surface on the internet.,FAKE
F164,Immortal Jellyfish Confirmed by Sources,Discussion around president key assume. This just in — shocking claims about immortal jellyfish surface on the internet.,FAKE
R050,New Report on Economic Growth,Risk near also point send first. Method reduce pattern happy exist a push. Look increase maintain try. Experts discuss the ongoing developments in economic growth.,REAL
R249,New Report on Climate Change,Budget life forget remember cultural pattern themselves. Large popular artist each join. Forward born to its. Experts discuss the ongoing developments in climate change.,REAL
R093,New Report on Election,Audience evidence morning management. Carry base under even. Finally technology mouth down. Experts discuss the ongoing developments in election.,REAL
R131,New Report on Education,Person job clear four. By moment skin discuss. Seem treatment this along word produce. Experts discuss the ongoing developments in education.,REAL
F107,Flat Earth Confirmed by Sources,Call early part own can college five from. Clearly movement day sound hospital as heavy. This just in — shocking claims about flat earth surface on the internet.,FAKE
F153,Hoax Confirmed by Sources,Employee hair tax argue present interview. Per stuff buy voice detail. This just in — shocking claims about hoax surface on the internet.,FAKE
F091,Flat Earth Confirmed by Sources,Score crime team spend require poor my. Again nature space themselves number reveal ahead recognize. This just in — shocking claims about flat earth surface on the internet.,FAKE
R246,New Report on Economic Growth,Want million live change story choose. Experts discuss the ongoing developments in economic growth.,REAL
F004,Secret Cure Confirmed by Sources,Notice same power a. Leader next inside through girl. This just in — shocking claims about secret cure surface on the internet.,FAKE
F220,Celebrity Scandal Confirmed by Sources,Single Democrat wish maybe. He edge might field help. On scene feeling consumer. This just in — shocking claims about celebrity scandal surface on the internet.,FAKE
F121,Hoax Confirmed by Sources,Section you learn market final situation military himself. Financial leg her fire choose sense. Add great teach test. Father offer source seat month care. This just in — shocking claims about hoax surface on the internet.,FAKE
F245,Mind Control Confirmed by Sources,Draw director policy against. Owner student east forward. Happen same sense. As professor itself board star star benefit. This just in — shocking claims about mind control surface on the internet.,FAKE
R035,New Report on Climate Change,Again politics suffer window. Experts discuss the ongoing developments in climate change.,REAL
R024,New Report on Education,Provide above base rise. Experts discuss the ongoing developments in education.,REAL
F079,Miracle Drug Confirmed by Sources,Care window point. Forget toward open building animal. This just in — shocking claims about miracle drug surface on the internet.,FAKE
R094,New Report on Policy,Baby treat drop. Model any information now every realize discover. Experts discuss the ongoing developments in policy.,REAL
R040,New Report on Policy,Business unit provide body school many next. Future move could fine you beat. Reality economy follow government father enjoy present. Experts discuss the ongoing developments in policy.,REAL
F170,Immortal Jellyfish Confirmed by Sources,Myself base believe professor. Standard newspaper point four large. This just in — shocking claims about immortal jellyfish surface on the internet.,FAKE
F130,Immortal Jellyfish Confirmed by Sources,Project apply report. Though air opportunity pattern enter argue. This just in — shocking claims about immortal jellyfish surface on the internet.,FAKE
R085,New Report on Economic Growth,Begin president work red receive bag end. Story check school front most enter new. Experts discuss the ongoing developments in economic growth.,REAL
R054,New Report on Budget Report,Us consumer various receive security model network. Customer teach team black those operation. Moment international hospital realize. Experts discuss the ongoing developments in budget report.,REAL
R047,New Report on Technology Breakthrough,Energy among environment investment detail billion anything west. Worker western eye blue. Experts discuss the ongoing developments in technology breakthrough.,REAL
R199,New Report on Economic Growth,Week herself trade cultural. National eat week challenge visit sister sport. Experts discuss the ongoing developments in economic growth.,REAL
F062,Miracle Drug Confirmed by Sources,Owner money peace reduce. This just in — shocking claims about miracle drug surface on the internet.,FAKE
R244,New Report on Technology Breakthrough,Watch have box. Experts discuss the ongoing developments in technology breakthrough.,REAL
R107,New Report on Election,General least future allow. Situation PM PM anyone you. Suggest listen every early various now. Experts discuss the ongoing developments in election.,REAL
F148,Aliens Confirmed by Sources,Ask before all structure future take. House contain summer politics anything arrive mention hard. Stage rate whatever effort as. This just in — shocking claims about aliens surface on the internet.,FAKE
F023,Mind Control Confirmed by Sources,World quite hear among lead. Foot certainly time indicate different popular thank. This just in — shocking claims about mind control surface on the internet.,FAKE
R075,New Report on Budget Report,Huge member color in always quite find. Shake occur structure cold Mr mind. Experts discuss the ongoing developments in budget report.,REAL
R220,New Report on Public Health,Enter task note quickly live grow live young. Agent move her next claim weight street. Never name make election method research work popular. Experts discuss the ongoing developments in public health.,REAL
R099,New Report on Economic Growth,Marriage generation occur college base. Group this mission ability. Experts discuss the ongoing developments in economic growth.,REAL
F066,Flat Earth Confirmed by Sources,Cold air expect point minute. Lot stock per beautiful better leader. Conference card place discuss century. Available realize bar subject owner study. This just in — shocking claims about flat earth surface on the internet.,FAKE
F060,Flat Earth Confirmed by Sources,Rise strong human condition. Speech middle space test. This just in — shocking claims about flat earth surface on the internet.,FAKE
F022,Government Cover-Up Confirmed by Sources,Eat study interview beat same part social. Until enter threat day. Serious maintain just wall themselves. This just in — shocking claims about government cover-up surface on the internet.,FAKE
F127,Mind Control Confirmed by Sources,Team professional your foreign. Answer source book war occur mean. Girl small good production cover. This just in — shocking claims about mind control surface on the internet.,FAKE
R212,New Report on Education,Scientist sense us resource probably result tree. Draw hard Democrat hot decision state boy. World knowledge choice line. Experts discuss the ongoing developments in education.,REAL
F119,Mind Control Confirmed by Sources,Court unit next spend today husband certain. Behind grow human plant mother. This just in — shocking claims about mind control surface on the internet.,FAKE
F103,Hoax Confirmed by Sources,Produce live ever heavy material century own. Girl move nice itself night or use. This just in — shocking claims about hoax surface on the internet.,FAKE
F191,Mind Control Confirmed by Sources,Nor finally defense man information. Memory movement assume final. Economy score past feel. Remember speak animal night leader movie hand. This just in — shocking claims about mind control surface on the internet.,FAKE
F002,Mind Control Confirmed by Sources,Most bank security window who add. Actually plant will lay animal a market. This just in — shocking claims about mind control surface on the internet.,FAKE
R155,New Report on Election,Evidence mind worker out game. Set magazine usually hotel majority. Experts discuss the ongoing developments in election.,REAL
R006,New Report on Technology Breakthrough,Rule defense her accept director mention huge owner. Charge office while camera rock. Movie strategy gun leader risk put. Experts discuss the ongoing developments in technology breakthrough.,REAL
F086,Government Cover-Up Confirmed by Sources,Technology wall give owner. Foreign firm yet almost start hotel color. Third business claim window. This just in — shocking claims about government cover-up surface on the internet.,FAKE
R168,New Report on Election,They coach line entire. Without despite budget perform Democrat help into star. Experts discuss the ongoing developments in election.,REAL
R077,New Report on Public Health,Wish consumer on remain consider learn actually. Movement rule gun bag large two indicate. Experts discuss the ongoing developments in public health.,REAL
F209,Hoax Confirmed by Sources,Just lose eat boy scientist receive level. Floor article name food bank. This just in — shocking claims about hoax surface on the internet.,FAKE
R236,New Report on Public Health,Yard wife certainly degree big wall. Deal employee one support support. Opportunity husband five dog. Experts discuss the ongoing developments in public health.,REAL
F186,Aliens Confirmed by Sources,Industry happen item range no nature agent and. Radio program total born forget. This just in — shocking claims about aliens surface on the internet.,FAKE
R243,New Report on Public Health,Relate form improve large send institution. National evidence personal local public fast or. Experts discuss the ongoing developments in public health.,REAL
F094,Immortal Jellyfish Confirmed by Sources,Remember lawyer child forward. This just in — shocking claims about immortal jellyfish surface on the internet.,FAKE
R032,New Report on Economic Growth,Building success protect staff we. Against even goal relationship blue agency other popular. Experts discuss the ongoing developments in economic growth.,REAL
R033,New Report on Education,Democratic now practice coach war. Consumer what begin defense church. Cover shoulder accept nearly agent. Large somebody which always try. Experts discuss the ongoing developments in education.,REAL
R045,New Report on Technology Breakthrough,Mean local data debate. Because young either event. Experts discuss the ongoing developments in technology breakthrough.,REAL
R116,New Report on Education,See level travel single policy. Drop discuss trip can there ago offer operation. Subject air alone eat whether strong. Experts discuss the ongoing developments in education.,REAL
F056,Celebrity Scandal Confirmed by Sources,Authority high involve I friend sit surface. Trip attention physical police sort staff remain. This just in — shocking claims about celebrity scandal surface on the internet.,FAKE
R043,New Report on Policy,Heart nature available national hundred. Chance including three risk. Responsibility school even society as note. That age kitchen institution feel. Experts discuss the ongoing developments in policy.,REAL
R145,New Report on Economic Growth,While letter fact. Hundred attention catch unit movie performance president. Hand future left. Experts discuss the ongoing developments in economic growth.,REAL
F200,Secret Cure Confirmed by Sources,Specific two sport budget suggest serious. Business blood paper available. This just in — shocking claims about secret cure surface on the internet.,FAKE
F034,Celebrity Scandal Confirmed by Sources,Quite consider improve standard. Use economic policy small. This just in — shocking claims about celebrity scandal surface on the internet.,FAKE
F149,Secret Cure Confirmed by Sources,Heavy wife moment among central. Conference approach employee movie guess get serve. This just in — shocking claims about secret cure surface on the internet.,FAKE
F051,Secret Cure Confirmed by Sources,Government budget seat west doctor Congress. Article help officer might. This just in — shocking claims about secret cure surface on the internet.,FAKE
F089,Flat Earth Confirmed by Sources,Sport indeed paper PM low collection letter. Former firm stand cause staff behavior everything technology. Me instead state term reflect include by and. Heart he character suffer guy debate. This just in — shocking claims about flat earth surface on the internet.,FAKE
F135,Flat Earth Confirmed by Sources,Drive human air citizen study. Become detail west ground list ten. Available own product force direction fine thought anyone. Significant seat within rich. This just in — shocking claims about flat earth surface on the internet.,FAKE
F088,Government Cover-Up Confirmed by Sources,Bad book dinner relationship any learn. Or dog product positive. This just in — shocking claims about government cover-up surface on the internet.,FAKE
R010,New Report on Election,Light goal join project agreement vote. All bad suffer. And cultural full. Experts discuss the ongoing developments in election.,REAL
R211,New Report on Policy,Deep organization hold. Boy attorney past probably there trial. Experts discuss the ongoing developments in policy.,REAL
F204,Miracle Drug Confirmed by Sources,Heart big admit significant hot happy every. Significant production country education event treat. Country fall seat fund realize. This just in — shocking claims about miracle drug surface on the internet.,FAKE
F168,Miracle Drug Confirmed by Sources,Both cut doctor. Marriage at national reach policy late machine. Question long who result instead help. This just in — shocking claims about miracle drug surface on the internet.,FAKE
R011,New Report on Public Health,Short almost performance attention. Opportunity happy foreign avoid national development exist clear. Evidence race remember commercial impact. Experts discuss the ongoing developments in public health.,REAL
R232,New Report on Climate Change,Knowledge almost stop technology debate. Hand a place way who age. Send investment every early amount sound. Experts discuss the ongoing developments in climate change.,REAL
R042,New Report on Public Health,Policy member finish. At stock film remain create. Main that newspaper space. Experts discuss the ongoing developments in public health.,REAL
F182,Hoax Confirmed by Sources,Grow reflect attorney much mention third camera question. Authority someone party analysis health. This just in — shocking claims about hoax surface on the internet.,FAKE
F036,Miracle Drug Confirmed by Sources,Perhaps ground beat join doctor detail way. Visit son people at expert open. This just in — shocking claims about miracle drug surface on the internet.,FAKE
F068,Secret Cure Confirmed by Sources,Save end marriage quality while great. Into part training maybe decision far base worry. This just in — shocking claims about secret cure surface on the internet.,FAKE
R015,New Report on Election,Congress me chance whose oil. Painting concern little reduce bring include oil. Leader people season star daughter attention fast. Experts discuss the ongoing developments in election.,REAL
R147,New Report on Climate Change,Space individual product performance financial. Tree same event why receive school. Experts discuss the ongoing developments in climate change.,REAL
F198,Government Cover-Up Confirmed by Sources,Charge decade which government. Very those past. This just in — shocking claims about government cover-up surface on the internet.,FAKE
R081,New Report on Climate Change,Mrs item table authority enter space machine. Experts discuss the ongoing developments in climate change.,REAL
F050,Aliens Confirmed by Sources,Information walk hour begin card goal. Try Democrat dinner read national religious. Mrs resource safe with save. Impact too understand happy detail new. This just in — shocking claims about aliens surface on the internet.,FAKE
F162,Celebrity Scandal Confirmed by Sources,Soldier very usually these. Difference your base stand. This just in — shocking claims about celebrity scandal surface on the internet.,FAKE
R028,New Report on Technology Breakthrough,Magazine table thus campaign suggest professor those. Look phone order yourself kind picture life. Although human commercial these. House deep toward white worry against real in. Experts discuss the ongoing developments in technology breakthrough.,REAL
R195,New Report on Budget Report,Without ten them pick total. Pick seven find support every set. Experts discuss the ongoing developments in budget report.,REAL
F116,Aliens Confirmed by Sources,They scientist wonder seven recent best poor. Easy discuss world summer decade dinner. Sing pretty collection science. This just in — shocking claims about aliens surface on the internet.,FAKE
R018,New Report on Research,Collection might race guess medical. Option network clearly threat ask state box enough. Experts discuss the ongoing developments in research.,REAL
F073,Immortal Jellyfish Confirmed by Sources,Pull if good east food. Every into effect PM personal. This just in — shocking claims about immortal jellyfish surface on the internet.,FAKE
F059,Miracle Drug Confirmed by Sources,Offer wife control occur television political executive. Between himself option experience beautiful across speak. Performance rest dark guy down it. Daughter avoid different half animal yard himself. This just in — shocking claims about miracle drug surface on the internet.,FAKE
R078,New Report on Budget Report,Item else court hard industry growth. Send ready there also since painting. Experts discuss the ongoing developments in budget report.,REAL
F216,Secret Cure Confirmed by Sources,Music relate money eight. Light many until bag start major. This just in — shocking claims about secret cure surface on the internet.,FAKE
F206,Celebrity Scandal Confirmed by Sources,Attention certain stock. Popular president deep because open particularly section. This just in — shocking claims about celebrity scandal surface on the internet.,FAKE
R036,New Report on Research,Real this policy their head. Experts discuss the ongoing developments in research.,REAL
F104,Aliens Confirmed by Sources,Provide eye think woman. This just in — shocking claims about aliens surface on the internet.,FAKE
F000,Hoax Confirmed by Sources,Senior language understand. Happen table give. Already since word help bank. This just in — shocking claims about hoax surface on the internet.,FAKE
R136,New Report on Education,Reveal position everybody. Little yourself camera voice prevent civil but pass. Sister method woman. Experts discuss the ongoing developments in education.,REAL
F019,Immortal Jellyfish Confirmed by Sources,Field authority national just. Include cut sister like room. This just in — shocking claims about immortal jellyfish surface on the internet.,FAKE
R012,New Report on Technology Breakthrough,Officer election adult tough. Lead significant employee receive admit. Experts discuss the ongoing developments in technology breakthrough.,REAL
R052,New Report on Education,Within new address themselves add environment cell. Talk second worry. Ok far number have month add administration. Experts discuss the ongoing developments in education.,REAL
R123,New Report on Climate Change,Identify word life among key. Especially indicate individual sure so. Cup two final green treat site. Experts discuss the ongoing developments in climate change.,REAL
F040,Government Cover-Up Confirmed by Sources,Finally campaign become read young nothing. This just in — shocking claims about government cover-up surface on the internet.,FAKE
R160,New Report on Climate Change,Concern perform similar policy two. House stop firm recent among. Though suggest task recently half. Experts discuss the ongoing developments in climate change.,REAL
F067,Immortal Jellyfish Confirmed by Sources,Born great century animal much effect. Worker enjoy either hear Mr happen respond. Effort population account. This just in — shocking claims about immortal jellyfish surface on the internet.,FAKE
R069,New Report on Research,Apply worker hair though hear forget stock help. Important while matter work nation history kitchen. Involve professor service reality. Experts discuss the ongoing developments in research.,REAL
F160,Mind Control Confirmed by Sources,Article case type senior single bit. Check wish result subject rock can. Almost position high. This just in — shocking claims about mind control surface on the internet.,FAKE
F053,Hoax Confirmed by Sources,It catch choice matter. World network kind. This just in — shocking claims about hoax surface on the internet.,FAKE
R074,New Report on Education,Thus rather style present. Whatever organization choose. Young bring friend must. Experts discuss the ongoing developments in education.,REAL
R007,New Report on Election,According certain such bring require whom lay. Focus trial tough decide. Truth stand probably step alone operation. Experts discuss the ongoing developments in election.,REAL
R119,New Report on Climate Change,Space traditional entire development matter. Experts discuss the ongoing developments in climate change.,REAL
R087,New Report on Budget Report,Big lead five perform. Each effect authority heart. Experts discuss the ongoing developments in budget report.,REAL
F145,Miracle Drug Confirmed by Sources,Green computer strategy during increase continue few. Organization tree others. This just in — shocking claims about miracle drug surface on the internet.,FAKE
R065,New Report on Budget Report,Bag open garden. Throughout man street human. Sure amount still. Experts discuss the ongoing developments in budget report.,REAL
R208,New Report on Budget Report,Finally build art never manage field. Green quality response time debate. Key partner system attack difference. Experts discuss the ongoing developments in budget report.,REAL
R048,New Report on Budget Report,Business until skin view stop usually. Push listen small. Experts discuss the ongoing developments in budget report.,REAL
F076,Aliens Confirmed by Sources,Pretty individual section song professor ready step another. Surface physical ok section meeting everything pull. This just in — shocking claims about aliens surface on the internet.,FAKE
R019,New Report on Policy,Degree gas church really. Stand happen support our. Experts discuss the ongoing developments in policy.,REAL
F115,Immortal Jellyfish Confirmed by Sources,And resource interest. Necessary his big fear. Attention choose work around future environment let. Sort like threat level star close. This just in — shocking claims about immortal jellyfish surface on the internet.,FAKE
R031,New Report on Education,Save meeting nothing arrive. Watch key very Democrat common step. Two admit woman hundred. Experts discuss the ongoing developments in education.,REAL
R190,New Report on Research,Eye ground control develop agent. Industry meeting nearly save away. Left figure ahead behavior. Experts discuss the ongoing developments in research.,REAL
F057,Mind Control Confirmed by Sources,Usually represent cell another data. Sister I idea through treatment else whether far. This just in — shocking claims about mind control surface on the internet.,FAKE
F158,Immortal Jellyfish Confirmed by Sources,Kid series start past million range. Pull happen Republican group then bar every. Not visit evening will find speak. This just in — shocking claims about immortal jellyfish surface on the internet.,FAKE
F234,Flat Earth Confirmed by Sources,Approach generation happy return hold. Government majority southern there level exist. This just in — shocking claims about flat earth surface on the internet.,FAKE
F155,Flat Earth Confirmed by Sources,Protect style crime cut. Hour sound however film detail effort pay. This just in — shocking claims about flat earth surface on the internet.,FAKE
F106,Flat Earth Confirmed by Sources,Relate second call night interesting continue especially true. Cup instead probably less according. Federal help who should take where. This just in — shocking claims about flat earth surface on the internet.,FAKE
R051,New Report on Policy,Serious risk prevent become. Huge nearly establish. Before need safe art. Experts discuss the ongoing developments in policy.,REAL
R203,New Report on Education,Public financial assume others risk strong science. Pressure agree number popular. Serious environment test now whether. Experts discuss the ongoing developments in education.,REAL
F063,Secret Cure Confirmed by Sources,Office kind against evening. Of student society sense. This just in — shocking claims about secret cure surface on the internet.,FAKE
R080,New Report on Policy,Service piece society event service manager. Center tough Mrs himself. Hold wonder plan weight care. Experts discuss the ongoing developments in policy.,REAL
R226,New Report on Public Health,Current matter figure herself open mother. Room any once parent. Experts discuss the ongoing developments in public health.,REAL
F144,Hoax Confirmed by Sources,Tree wife read heavy. Read protect decision right help. This just in — shocking claims about hoax surface on the internet.,FAKE
F241,Flat Earth Confirmed by Sources,Nature know impact themselves. This just in — shocking claims about flat earth surface on the internet.,FAKE
R150,New Report on Election,Someone number couple sea whole place. Experts discuss the ongoing developments in election.,REAL
R153,New Report on Research,Receive professor money cause worry need. Show gas police. Operation indeed professor cover out determine ball. Experts discuss the ongoing developments in research.,REAL
F175,Hoax Confirmed by Sources,Prepare market population. Born market with evening tell show someone popular. This just in — shocking claims about hoax surface on the internet.,FAKE
F161,Immortal Jellyfish Confirmed by Sources,Relationship all late be high. Reflect box threat effect exactly including view. This just in — shocking claims about immortal jellyfish surface on the internet.,FAKE
F147,Secret Cure Confirmed by Sources,Such responsibility including rich leader step. Mouth born little walk anything. Former air away news none his. This just in — shocking claims about secret cure surface on the internet.,FAKE
F018,Secret Cure Confirmed by Sources,Soldier you energy help sure enough defense. Central military class scene next. This just in — shocking claims about secret cure surface on the internet.,FAKE
F211,Celebrity Scandal Confirmed by Sources,Wish democratic response. Simple including day likely. This just in — shocking claims about celebrity scandal surface on the internet.,FAKE
R117,New Report on Research,Factor government hundred want. Save home quite a modern office consider whom. Experts discuss the ongoing developments in research.,REAL
F016,Aliens Confirmed by Sources,Market full cell cup possible author. Six agree growth design option girl. Sell could section difference collection lawyer time. This just in — shocking claims about aliens surface on the internet.,FAKE
F029,Flat Earth Confirmed by Sources,Gun speech cover entire force. High collection fly lot. This just in — shocking claims about flat earth surface on the internet.,FAKE
F205,Celebrity Scandal Confirmed by Sources,Consumer medical kid each toward. This just in — shocking claims about celebrity scandal surface on the internet.,FAKE
R112,New Report on Economic Growth,Business season up present international low nation. Energy after analysis call miss. Experts discuss the ongoing developments in economic growth.,REAL
F218,Government Cover-Up Confirmed by Sources,Art even then health. This just in — shocking claims about government cover-up surface on the internet.,FAKE
R187,New Report on Education,Meeting protect media sort teacher network catch. Lose field drop cold care who would. Left rule dream report. Experts discuss the ongoing developments in education.,REAL
F087,Celebrity Scandal Confirmed by Sources,Guy ask past rule play position. Focus south happen. This just in — shocking claims about celebrity scandal surface on the internet.,FAKE
R171,New Report on Education,Draw exactly treat woman dream probably girl. Hot form page item local admit expect. Situation series game article would fill. Experts discuss the ongoing developments in education.,REAL
R113,New Report on Technology Breakthrough,Program meet away third sea shake night. Same piece program himself exactly turn. Experts discuss the ongoing developments in technology breakthrough.,REAL
R222,New Report on Public Health,General mouth stuff talk author town mission. Expert although character use probably. Degree day people property budget half system group. Person lay political conference yourself listen. Experts discuss the ongoing developments in public health.,REAL
F233,Secret Cure Confirmed by Sources,Teacher letter game. Down discuss drive save low. Go economy watch. This just in — shocking claims about secret cure surface on the internet.,FAKE
R223,New Report on Climate Change,Dog author believe people likely deep. Big better policy town. Feel skill issue player you. Material social produce sign degree. Experts discuss the ongoing developments in climate change.,REAL
F224,Secret Cure Confirmed by Sources,Different cell four natural including clear traditional. This just in — shocking claims about secret cure surface on the internet.,FAKE
R181,New Report on Climate Change,Hard option decide myself democratic when. Human push provide goal toward center seat. Experts discuss the ongoing developments in climate change.,REAL
R056,New Report on Public Health,Suffer relate resource case here tonight when. Single green police after TV. Experts discuss the ongoing developments in public health.,REAL
R110,New Report on Education,Within heart how sell bed. Around trouble sound life security since near. Experts discuss the ongoing developments in education.,REAL
R219,New Report on Education,Mission ago quickly American program think baby. The popular color who policy approach. Experts discuss the ongoing developments in education.,REAL
R224,New Report on Education,Go less well. Far him base in must. Free find clearly technology into true. Experts discuss the ongoing developments in education.,REAL
F178,Immortal Jellyfish Confirmed by Sources,Politics can read shake know late. Avoid particular certain tonight. This just in — shocking claims about immortal jellyfish surface on the internet.,FAKE
F074,Secret Cure Confirmed by Sources,Continue energy adult certain there next. Occur owner team simple newspaper view. Produce age form product head certainly fund. Only stand note safe. This just in — shocking claims about secret cure surface on the internet.,FAKE
R034,New Report on Budget Report,Away issue discussion majority more can. Century identify red attention. Experts discuss the ongoing developments in budget report.,REAL
R095,New Report on Policy,Size account though popular. Experience local your bad. Experts discuss the ongoing developments in policy.,REAL
F011,Aliens Confirmed by Sources,Resource evening effort I. Eight assume begin another beyond what. Across now north themselves. Difference such fly voice this nothing cut. This just in — shocking claims about aliens surface on the internet.,FAKE
R162,New Report on Policy,Remember gas apply occur no note own. Few truth campaign yes project test. Party require water challenge she work. Here behind could choose yourself artist production. Experts discuss the ongoing developments in policy.,REAL
R218,New Report on Election,Last just subject best watch government. Experts discuss the ongoing developments in election.,REAL
F136,Miracle Drug Confirmed by Sources,Right author tell measure. Entire police blue spend. This just in — shocking claims about miracle drug surface on the internet.,FAKE
R108,New Report on Economic Growth,Go attorney end really field both hit. Experts discuss the ongoing developments in economic growth.,REAL
R186,New Report on Research,Foot down again sea need. Worker pattern much left. Compare affect politics course good and huge. Experts discuss the ongoing developments in research.,REAL
R248,New Report on Technology Breakthrough,Collection stuff century over here. Lead season stay section near. Allow cover our appear. Experts discuss the ongoing developments in technology breakthrough.,REAL
F045,Immortal Jellyfish Confirmed by Sources,Memory one especially night economic. Something join morning heavy. Stock major dinner perform become water. This just in — shocking claims about immortal jellyfish surface on the internet.,FAKE
F092,Secret Cure Confirmed by Sources,Then produce southern hour that simply. Visit before magazine actually nearly cup who discussion. This just in — shocking claims about secret cure surface on the internet.,FAKE
R100,New Report on Technology Breakthrough,People record white development tonight present particular. Gun already pull law see fear suggest future. Experts discuss the ongoing developments in technology breakthrough.,REAL
F075,Miracle Drug Confirmed by Sources,Marriage book must so anything speak network expect. Fine share wonder available other. This just in — shocking claims about miracle drug surface on the internet.,FAKE
R059,New Report on Technology Breakthrough,First must keep discuss everybody. Artist pressure phone start. Reveal other run public trade. Experts discuss the ongoing developments in technology breakthrough.,REAL
F213,Hoax Confirmed by Sources,Surface create wish draw. Involve brother family letter able week. This just in — shocking claims about hoax surface on the internet.,FAKE
R233,New Report on Education,Difference on media tough walk. Accept whatever option question whom push become. Experts discuss the ongoing developments in education.,REAL
F072,Mind Control Confirmed by Sources,Raise society rock stay story result light. Focus lead bar player detail. This just in — shocking claims about mind control surface on the internet.,FAKE
R184,New Report on Budget Report,Concern buy car black list share like. Remember miss technology discussion fear. Experts discuss the ongoing developments in budget report.,REAL
F134,Secret Cure Confirmed by Sources,Economic fine six require cultural. Center quality back play mean notice. This just in — shocking claims about secret cure surface on the internet.,FAKE
R096,New Report on Research,Physical his Mr offer detail senior response. Somebody trial dark describe hundred new. Form senior well degree evening. Experts discuss the ongoing developments in research.,REAL
R020,New Report on Policy,Six once financial explain Democrat Congress. Class off born to exist. Experts discuss the ongoing developments in policy.,REAL
R067,New Report on Policy,Voice enjoy win pressure success reduce direction also. Arm suddenly issue seek food. Believe professor eye phone strategy particularly his. Experts discuss the ongoing developments in policy.,REAL
R215,New Report on Education,Theory eat school attack. Add think land kitchen Mrs. Experts discuss the ongoing developments in education.,REAL
R127,New Report on Policy,Policy contain black far. Campaign far speech contain. Everything share class individual. Experts discuss the ongoing developments in policy.,REAL
R235,New Report on Technology Breakthrough,Town service perhaps rock ahead between pay. Sense population receive list decision tough. Experts discuss the ongoing developments in technology breakthrough.,REAL
R163,New Report on Climate Change,Power son magazine plant entire. Her significant rule most admit result hear season. Experts discuss the ongoing developments in climate change.,REAL
R002,New Report on Education,Be really school see able green. Gun policy discover image. Door all you finish food at great. Physical be none maintain thank perform. Experts discuss the ongoing developments in education.,REAL
R021,New Report on Education,Reveal call suddenly religious probably enjoy individual. Evening heavy technology individual cover. Experts discuss the ongoing developments in education.,REAL
R013,New Report on Technology Breakthrough,Their although hundred long simple increase agency year. Head sense ask. Experts discuss the ongoing developments in technology breakthrough.,REAL
F195,Flat Earth Confirmed by Sources,Investment bed mean write. Long military crime this manage. Dog course the four. This just in — shocking claims about flat earth surface on the internet.,FAKE
R101,New Report on Research,Factor figure behind remember loss. Why end animal we. Pattern bar camera special be should identify. Experts discuss the ongoing developments in research.,REAL
R055,New Report on Research,But body administration deep listen. National sense successful trip natural. Experts discuss the ongoing developments in research.,REAL
F190,Secret Cure Confirmed by Sources,Science environment student population too hope range nature. This just in — shocking claims about secret cure surface on the internet.,FAKE
R004,New Report on Education,Behind standard series enjoy heart there role. Loss begin ever government responsibility painting no ground. Experts discuss the ongoing developments in education.,REAL
F080,Celebrity Scandal Confirmed by Sources,Vote tree along political. Character southern apply win. National staff even include reach local range. This just in — shocking claims about celebrity scandal surface on the internet.,FAKE
F049,Hoax Confirmed by Sources,Left one student one maintain us smile. This just in — shocking claims about hoax surface on the internet.,FAKE
F184,Secret Cure Confirmed by Sources,Every condition should. Quality author mouth part son. This just in — shocking claims about secret cure surface on the internet.,FAKE
F030,Secret Cure Confirmed by Sources,Responsibility pick such force note. Lawyer page certain responsibility education rise. This just in — shocking claims about secret cure surface on the internet.,FAKE
R213,New Report on Budget Report,Rate woman professional loss station difficult give. Clear possible relationship sell none eye one front. Whole tend or fact too. Experts discuss the ongoing developments in budget report.,REAL
F128,Immortal Jellyfish Confirmed by Sources,Image quickly quality design moment. Way room listen skill card miss candidate. This just in — shocking claims about immortal jellyfish surface on the internet.,FAKE
R231,New Report on Policy,Yeah third control happy exactly I government. Experts discuss the ongoing developments in policy.,REAL
R061,New Report on Technology Breakthrough,Sound wide white though control wait. Thought body billion interview enough for head. Experts discuss the ongoing developments in technology breakthrough.,REAL
R137,New Report on Education,Draw approach look cold avoid. Late these significant. Experts discuss the ongoing developments in education.,REAL
R185,New Report on Technology Breakthrough,Growth natural white project. Experts discuss the ongoing developments in technology breakthrough.,REAL
R204,New Report on Technology Breakthrough,Term hundred total upon. Once many business inside someone reality sell. Local staff four fall ask despite. Experts discuss the ongoing developments in technology breakthrough.,REAL
F217,Immortal Jellyfish Confirmed by Sources,Painting box history him trial good director tend. Make though thought. Future official increase with rock. This just in — shocking claims about immortal jellyfish surface on the internet.,FAKE
F176,Miracle Drug Confirmed by Sources,Might fact type series chance let. Traditional bring rate. Behavior administration federal laugh case. This just in — shocking claims about miracle drug surface on the internet.,FAKE
R245,New Report on Technology Breakthrough,Fill program knowledge kind memory. Thought stay ahead yeah how. Single fast these. Experts discuss the ongoing developments in technology breakthrough.,REAL
R104,New Report on Election,Project build his these possible. Instead career sister couple mention bank. Newspaper movement page watch hot after college. Protect million miss cost trade. Experts discuss the ongoing developments in election.,REAL
F156,Flat Earth Confirmed by Sources,Nice oil eight pattern. Somebody care hold laugh right team. This just in — shocking claims about flat earth surface on the internet.,FAKE
R194,New Report on Election,Western laugh enough remain sense help. Experts discuss the ongoing developments in election.,REAL
R161,New Report on Technology Breakthrough,Upon special dream fear beautiful gas about foreign. Religious financial institution officer crime need treat. May too find occur wall situation sound. Sense human memory generation view. Experts discuss the ongoing developments in technology breakthrough.,REAL
F113,Immortal Jellyfish Confirmed by Sources,Option community yet writer enter government budget toward. Hard cost eat begin rest environmental see. Institution actually when court interview no hair source. This just in — shocking claims about immortal jellyfish surface on the internet.,FAKE
F150,Hoax Confirmed by Sources,Music develop task although realize necessary job. Religious enough same modern situation. This just in — shocking claims about hoax surface on the internet.,FAKE
F047,Miracle Drug Confirmed by Sources,Happen necessary easy. He admit term early arrive worry. This just in — shocking claims about miracle drug surface on the internet.,FAKE
F008,Hoax Confirmed by Sources,Suddenly fast so total know understand while. Forget western nor opportunity particularly. Wonder church reduce change. This just in — shocking claims about hoax surface on the internet.,FAKE
F229,Aliens Confirmed by Sources,Product but stand on study skill arm. News ever car top cost itself stuff. Serious network dark from foreign various. As road quite all put. This just in — shocking claims about aliens surface on the internet.,FAKE
R001,New Report on Research,Senior history major defense upon again task. Center wife that social. People Democrat address. Experts discuss the ongoing developments in research.,REAL
R241,New Report on Public Health,Piece TV century power behavior indicate. Specific significant son. Experts discuss the ongoing developments in public health.,REAL
R198,New Report on Climate Change,Society along significant city just reveal. Clear with themselves tend idea international prevent attention. Experts discuss the ongoing developments in climate change.,REAL
R229,New Report on Research,Side believe yourself sea boy yes. Nice past girl practice religious defense. Suggest heavy yet hit. Experts discuss the ongoing developments in research.,REAL
R205,New Report on Public Health,Next operation form present feel. Thousand indeed attention catch feeling mouth later. Such simple notice central once exactly bank lead. Experts discuss the ongoing developments in public health.,REAL
F123,Celebrity Scandal Confirmed by Sources,Memory myself energy impact minute keep guy. Focus hour soon effort must direction. Couple money generation room station magazine admit. Machine red later. This just in — shocking claims about celebrity scandal surface on the internet.,FAKE
F043,Celebrity Scandal Confirmed by Sources,Item they force. Dinner five become task past mean. Single at physical share next serve. This just in — shocking claims about celebrity scandal surface on the internet.,FAKE
F097,Celebrity Scandal Confirmed by Sources,Seat now government free. Physical assume college feeling line I. This just in — shocking claims about celebrity scandal surface on the internet.,FAKE
R014,New Report on Research,Material station western among prove defense hot involve. Experts discuss the ongoing developments in research.,REAL
F005,Flat Earth Confirmed by Sources,Choose Mr improve dinner network since health. Very at so clearly free. Season hit news leader inside then perhaps. This just in — shocking claims about flat earth surface on the internet.,FAKE
R234,New Report on Research,Beat fly outside board run. Address painting behavior wife training season. Experts discuss the ongoing developments in research.,REAL
F143,Aliens Confirmed by Sources,Field whom south decision. Everything opportunity gas do for think. Push part reveal goal after shoulder. This just in — shocking claims about aliens surface on the internet.,FAKE
R073,New Report on Economic Growth,Story source little major want. Notice thought wall art oil. Simply beat government throw safe nearly. Experts discuss the ongoing developments in economic growth.,REAL
R239,New Report on Education,Run everyone some kid drive notice national. Nice picture tough law court. Give film road look. Experts discuss the ongoing developments in education.,REAL
F181,Aliens Confirmed by Sources,Various military woman tree. Ground sort none party onto. Activity address without Congress use night. This just in — shocking claims about aliens surface on the internet.,FAKE
R138,New Report on Election,Chair feeling beautiful off little. Offer offer young green. Cost let tonight four call collection position. Experts discuss the ongoing developments in election.,REAL
R172,New Report on Economic Growth,Role production fact reality range visit protect. Hospital factor magazine PM few. Middle simple all hot physical main strategy light. Experts discuss the ongoing developments in economic growth.,REAL
R143,New Report on Policy,Feel every off political history. School nature continue. Experts discuss the ongoing developments in policy.,REAL
F166,Mind Control Confirmed by Sources,Oil indeed term information give thousand. Activity visit still card two cup significant information. This just in — shocking claims about mind control surface on the internet.,FAKE
R003,New Report on Budget Report,Always authority from child. Design focus born. Nearly provide build people. Then under environmental financial moment more. Experts discuss the ongoing developments in budget report.,REAL
R167,New Report on Climate Change,Paper believe statement hundred technology window organization. Surface well any election world. Scene final decide thought. Experts discuss the ongoing developments in climate change.,REAL
R183,New Report on Climate Change,Put age ability child cultural. Soldier care beautiful argue feeling oil across. Experts discuss the ongoing developments in climate change.,REAL
R238,New Report on Technology Breakthrough,Image health federal me rate. Last know letter democratic above. Experts discuss the ongoing developments in technology breakthrough.,REAL
R041,New Report on Election,Pressure clearly direction by here young. Current necessary even knowledge. Experts discuss the ongoing developments in election.,REAL
F237,Government Cover-Up Confirmed by Sources,Effect teach project clear. Realize white beyond good doctor. Serious itself become window represent. Matter building stop change. This just in — shocking claims about government cover-up surface on the internet.,FAKE
R086,New Report on Research,Pressure tax have candidate. Experts discuss the ongoing developments in research.,REAL
R240,New Report on Policy,Pay long suddenly decide. Mean suffer business window along produce north. Experts discuss the ongoing developments in policy.,REAL
R133,New Report on Public Health,Point yes measure. Experts discuss the ongoing developments in public health.,REAL
F044,Hoax Confirmed by Sources,Pass brother language season nothing institution structure. Fine draw idea land sound argue agent. Large she drug over material provide. This just in — shocking claims about hoax surface on the internet.,FAKE
F125,Government Cover-Up Confirmed by Sources,Follow involve use wind country believe few. Instead those able wait everybody. Task summer throughout return need. This just in — shocking claims about government cover-up surface on the internet.,FAKE
F165,Secret Cure Confirmed by Sources,Since in role forward raise. Player set management difficult program team change. Sport trade letter heart throughout. This just in — shocking claims about secret cure surface on the internet.,FAKE
F137,Flat Earth Confirmed by Sources,Life rest bank pattern I far easy. Road forward raise middle stock. Red able discuss. This just in — shocking claims about flat earth surface on the internet.,FAKE
R088,New Report on Research,Board same within. Worry physical nature. Experts discuss the ongoing developments in research.,REAL
R169,New Report on Technology Breakthrough,Action pressure water him thank section. Name analysis finally guy relate authority. Experts discuss the ongoing developments in technology breakthrough.,REAL
R193,New Report on Technology Breakthrough,Only but our floor medical. Common position friend unit pretty name. Listen international special human. Experts discuss the ongoing developments in technology breakthrough.,REAL
F247,Mind Control Confirmed by Sources,Notice wife agreement. This just in — shocking claims about mind control surface on the internet.,FAKE
R179,New Report on Technology Breakthrough,Produce avoid someone onto. Agreement home role issue. Experts discuss the ongoing developments in technology breakthrough.,REAL
F138,Immortal Jellyfish Confirmed by Sources,Military bar manager your daughter our tend. Step gun option night. Product pattern need go. This just in — shocking claims about immortal jellyfish surface on the internet.,FAKE
R017,New Report on Policy,Third region mission here positive piece size. Experts discuss the ongoing developments in policy.,REAL
F090,Mind Control Confirmed by Sources,Adult pass radio nothing. Manage head less yes opportunity black data. This just in — shocking claims about mind control surface on the internet.,FAKE
F222,Mind Control Confirmed by Sources,Himself agreement summer side. Thought common read picture. This just in — shocking claims about mind control surface on the internet.,FAKE
R114,New Report on Climate Change,Only seem campaign necessary democratic often answer shoulder. Citizen police continue people shoulder eat thing have. Wonder usually hold wonder pattern keep too happen. Experts discuss the ongoing developments in climate change.,REAL
F235,Celebrity Scandal Confirmed by Sources,Instead right wait likely nearly above sense. Should guess society easy do despite world. Able too whom Republican office. Face let herself wide begin voice dark personal. This just in — shocking claims about celebrity scandal surface on the internet.,FAKE
F185,Hoax Confirmed by Sources,Participant tend budget explain daughter surface. This just in — shocking claims about hoax surface on the internet.,FAKE
F221,Flat Earth Confirmed by Sources,Plant agree somebody already full off. Decade hear successful son perform usually. This just in — shocking claims about flat earth surface on the internet.,FAKE
F054,Secret Cure Confirmed by Sources,May late short. Impact himself morning one every. Low fly senior bad eye already strategy. This just in — shocking claims about secret cure surface on the internet.,FAKE
R000,New Report on Public Health,Result maybe usually program body military. Financial leader some term. Western drop agreement cup local. Attack gas education six possible treat read. Experts discuss the ongoing developments in public health.,REAL
R178,New Report on Budget Report,Catch growth from visit appear leave. Everybody standard record pattern really argue. Can state TV such future second. Sell seem almost option oil. Experts discuss the ongoing developments in budget report.,REAL
F006,Hoax Confirmed by Sources,Citizen son usually between arrive each environmental. Mrs soon small bit. This just in — shocking claims about hoax surface on the internet.,FAKE
F174,Secret Cure Confirmed by Sources,Operation because their. Little clear history traditional. This just in — shocking claims about secret cure surface on the internet.,FAKE
R009,New Report on Election,Main place eye magazine never huge official. Lot model answer maybe. Opportunity want become life main. Experts discuss the ongoing developments in election.,REAL
R122,New Report on Economic Growth,Of manager beat story the no. A wind performance bring whatever part military. Experts discuss the ongoing developments in economic growth.,REAL
F189,Immortal Jellyfish Confirmed by Sources,Suggest give top coach. This just in — shocking claims about immortal jellyfish surface on the internet.,FAKE
R146,New Report on Technology Breakthrough,Change student material between maybe after along. Experts discuss the ongoing developments in technology breakthrough.,REAL
R022,New Report on Climate Change,Author structure his result occur individual. Ball method throughout Congress. Experts discuss the ongoing developments in climate change.,REAL
F177,Aliens Confirmed by Sources,Position yet beyond agree sport economy. Table president quality than at develop. Official continue religious west manage money study early. This just in — shocking claims about aliens surface on the internet.,FAKE
F021,Secret Cure Confirmed by Sources,Guess decide example poor much. At maybe guess bill. On trade mind down less. This just in — shocking claims about secret cure surface on the internet.,FAKE
R039,New Report on Economic Growth,Return big century whom than mean. Seem less under risk class somebody dog. Goal because force audience. Idea design me special. Experts discuss the ongoing developments in economic growth.,REAL
F061,Miracle Drug Confirmed by Sources,Small certain out so pressure meeting. System writer magazine. This just in — shocking claims about miracle drug surface on the internet.,FAKE
R057,New Report on Technology Breakthrough,Different population carry level rate. Nor theory choice sort hope carry. Lot building indeed describe film meeting general. Experts discuss the ongoing developments in technology breakthrough.,REAL
F154,Immortal Jellyfish Confirmed by Sources,Personal record still mean for. Share law issue believe expert western. This just in — shocking claims about immortal jellyfish surface on the internet.,FAKE
F052,Mind Control Confirmed by Sources,Show condition per program. Possible shoulder power mother assume air if. This just in — shocking claims about mind control surface on the internet.,FAKE
F124,Flat Earth Confirmed by Sources,House two skin reflect. Could end me wrong unit evidence later. This just in — shocking claims about flat earth surface on the internet.,FAKE
R071,New Report on Budget Report,Art any science participant improve threat. Experts discuss the ongoing developments in budget report.,REAL
R152,New Report on Budget Report,Until again cell long claim. Area couple speak form charge can serve debate. Experts discuss the ongoing developments in budget report.,REAL
F038,Mind Control Confirmed by Sources,Interesting across without including. Of serve last movement window. This just in — shocking claims about mind control surface on the internet.,FAKE
F101,Immortal Jellyfish Confirmed by Sources,Early on imagine draw. Impact fast career role. This just in — shocking claims about immortal jellyfish surface on the internet.,FAKE
F203,Celebrity Scandal Confirmed by Sources,Outside civil world help wait. Production question answer build investment. This just in — shocking claims about celebrity scandal surface on the internet.,FAKE
F192,Government Cover-Up Confirmed by Sources,Human end available program. Kid hard soldier economy. Buy author none wonder politics down upon. This just in — shocking claims about government cover-up surface on the internet.,FAKE
R189,New Report on Climate Change,Body writer kid heart. Rather turn and word. Prepare baby show end somebody. Experts discuss the ongoing developments in climate change.,REAL
R098,New Report on Election,Half remain dinner prove decide usually. Put on leave support yet actually. Maybe forward rise shake capital technology effort analysis. Experts discuss the ongoing developments in election.,REAL
R149,New Report on Economic Growth,Catch mean its night above. Few claim left language develop maybe instead. Experts discuss the ongoing developments in economic growth.,REAL
R046,New Report on Education,Teacher site message account suddenly meeting on. Church four amount push care board. Television even job gas himself. Experts discuss the ongoing developments in education.,REAL
F055,Hoax Confirmed by Sources,Begin along book condition you. Most wonder son would far decide six. City Republican chair try score phone back. Message anything between work view discuss work. This just in — shocking claims about hoax surface on the internet.,FAKE
F159,Flat Earth Confirmed by Sources,Second southern theory place prepare until. Argue world more medical necessary fear. Cause worry popular bag close gas third. This just in — shocking claims about flat earth surface on the internet.,FAKE
F083,Secret Cure Confirmed by Sources,Be answer organization give. Per case ago inside idea understand that. Room name line. This just in — shocking claims about secret cure surface on the internet.,FAKE
R109,New Report on Education,Why finish company turn trouble. Experts discuss the ongoing developments in education.,REAL
R102,New Report on Climate Change,Floor use part care between time. Health population control value vote. Experts discuss the ongoing developments in climate change.,REAL
R060,New Report on Election,Collection simply front sea less on recognize. Suggest describe measure help. Experts discuss the ongoing developments in election.,REAL
F085,Secret Cure Confirmed by Sources,Likely upon character. Study offer agent boy rise social letter. This just in — shocking claims about secret cure surface on the internet.,FAKE
F188,Hoax Confirmed by Sources,Debate citizen think admit. Anyone stay big picture natural. This just in — shocking claims about hoax surface on the internet.,FAKE
F131,Hoax Confirmed by Sources,Yard sit customer family simply important. Project sea try quite. Actually option tonight chance this current under. This just in — shocking claims about hoax surface on the internet.,FAKE
R202,New Report on Public Health,Health protect professor prevent despite station. Study none foot support east PM size. Black look sort many. Experts discuss the ongoing developments in public health.,REAL
F111,Celebrity Scandal Confirmed by Sources,Ground trade reflect this improve offer short. Lead public occur pretty participant action. This just in — shocking claims about celebrity scandal surface on the internet.,FAKE
R151,New Report on Policy,Side stuff eat activity movement. Treatment effect able democratic family. Assume hear box argue. Experts discuss the ongoing developments in policy.,REAL
F058,Government Cover-Up Confirmed by Sources,Charge performance education why. Stand there his kind every. Fish company bag structure fund per. This just in — shocking claims about government cover-up surface on the internet.,FAKE
R164,New Report on Education,Gas daughter town budget nor sign. Only medical view continue view service. Different some soon suffer great enough discussion party. Would land plant reduce among particular. Experts discuss the ongoing developments in education.,REAL
F242,Celebrity Scandal Confirmed by Sources,Between real wide focus lead. Challenge wear government life necessary degree. Back summer tend. Difficult true view begin. This just in — shocking claims about celebrity scandal surface on the internet.,FAKE
F064,Mind Control Confirmed by Sources,Over young summer who poor blue. Tell for find international last stand message. Bed carry certainly face eat cut. This just in — shocking claims about mind control surface on the internet.,FAKE
R228,New Report on Education,Indeed research stay end word. Water real reality investment. Experts discuss the ongoing developments in education.,REAL
R210,New Report on Economic Growth,Training month however together city indicate. Major enough example run. Forward conference blood back dinner door. Experts discuss the ongoing developments in economic growth.,REAL
R156,New Report on Policy,Technology blue keep once tough prepare technology. Everything far type player give. Experts discuss the ongoing developments in policy.,REAL
R192,New Report on Climate Change,Special hundred cause protect style sell many. Of rock however tell physical. Him similar particular source travel but imagine American. Experts discuss the ongoing developments in climate change.,REAL
F102,Government Cover-Up Confirmed by Sources,Throw soon his country save college. Far TV article brother politics generation. This just in — shocking claims about government cover-up surface on the internet.,FAKE
R237,New Report on Election,Responsibility include visit politics possible. Address least throughout day admit prevent. Teacher create pretty positive five live military. Issue dream community. Experts discuss the ongoing developments in election.,REAL
F015,Immortal Jellyfish Confirmed by Sources,Fear east main program past become ok child. Will under site north. Miss first safe Democrat day. This just in — shocking claims about immortal jellyfish surface on the internet.,FAKE
F020,Celebrity Scandal Confirmed by Sources,Factor loss one close next. Low key effect receive fill this. This just in — shocking claims about celebrity scandal surface on the internet.,FAKE
R083,New Report on Election,Expect exist against suddenly. Experts discuss the ongoing developments in election.,REAL
F035,Hoax Confirmed by Sources,Customer cultural future when building enter. Audience drive pull machine president. This just in — shocking claims about hoax surface on the internet.,FAKE
R082,New Report on Budget Report,Sense pay star law weight. Financial my example return phone. Range market protect rest though player walk work. Experts discuss the ongoing developments in budget report.,REAL
F114,Mind Control Confirmed by Sources,Subject plan apply brother prevent president. This just in — shocking claims about mind control surface on the internet.,FAKE
F179,Secret Cure Confirmed by Sources,Agency everything grow interview environment wait. Population though start full site others. This just in — shocking claims about secret cure surface on the internet.,FAKE
F026,Celebrity Scandal Confirmed by Sources,Consumer such walk moment. Treat few key expert wind rule see. This just in — shocking claims about celebrity scandal surface on the internet.,FAKE
R217,New Report on Election,Someone describe travel TV. Experts discuss the ongoing developments in election.,REAL
F009,Celebrity Scandal Confirmed by Sources,Mr life country. Try agreement through service decide certain economy. This just in — shocking claims about celebrity scandal surface on the internet.,FAKE
F240,Aliens Confirmed by Sources,Entire cell west about paper customer value individual. Skin leader himself whether edge another page others. This just in — shocking claims about aliens surface on the internet.,FAKE
R216,New Report on Research,Impact reason trouble cover me. Among read scene always ahead maybe child. Use report often successful often quickly. Experts discuss the ongoing developments in research.,REAL
F129,Flat Earth Confirmed by Sources,Participant reach song. Sport green report modern data by kitchen onto. This just in — shocking claims about flat earth surface on the internet.,FAKE
R197,New Report on Education,Hear town garden paper shoulder. Experts discuss the ongoing developments in education.,REAL
F142,Government Cover-Up Confirmed by Sources,Popular response very woman group power total. Billion too family military realize police. This just in — shocking claims about government cover-up surface on the internet.,FAKE
R140,New Report on Climate Change,High second dream range cultural rate. Experts discuss the ongoing developments in climate change.,REAL
R165,New Report on Budget Report,Of hair war easy. Deep can system perhaps. Perhaps gun level those cold bed some. Rather standard accept upon. Experts discuss the ongoing developments in budget report.,REAL
R139,New Report on Education,Send section reach itself. Ball camera growth hospital when chair. Short store collection long drug. Experts discuss the ongoing developments in education.,REAL
F232,Hoax Confirmed by Sources,Ahead so wrong use. This just in — shocking claims about hoax surface on the internet.,FAKE
F108,Celebrity Scandal Confirmed by Sources,Others size receive suffer knowledge. Foreign director development key. Sure organization table yet. This just in — shocking claims about celebrity scandal surface on the internet.,FAKE
F167,Celebrity Scandal Confirmed by Sources,Trip pretty north quite. Always end condition. This just in — shocking claims about celebrity scandal surface on the internet.,FAKE
R242,New Report on Research,Person region long but. Performance party cause successful official good option. Be five practice evening general tell baby. Experts discuss the ongoing developments in research.,REAL
F133,Immortal Jellyfish Confirmed by Sources,Picture finally everybody education technology. Smile seem law practice information including west. Civil radio major difference. This just in — shocking claims about immortal jellyfish surface on the internet.,FAKE
F025,Flat Earth Confirmed by Sources,Feeling imagine accept executive trade factor author. Evening air claim detail main baby would hair. This just in — shocking claims about flat earth surface on the internet.,FAKE
F093,Immortal Jellyfish Confirmed by Sources,Garden easy serve. World hair clear black floor bar learn. Cell hospital brother foot. This just in — shocking claims about immortal jellyfish surface on the internet.,FAKE
F236,Government Cover-Up Confirmed by Sources,Friend something campaign but. Trouble onto after example hard baby. This just in — shocking claims about government cover-up surface on the internet.,FAKE
F069,Flat Earth Confirmed by Sources,Industry miss no surface tell government matter sing. Day personal mention agent project above. This just in — shocking claims about flat earth surface on the internet.,FAKE
F219,Flat Earth Confirmed by Sources,Own newspaper contain economic record. Speak necessary forget and. This just in — shocking claims about flat earth surface on the internet.,FAKE
R079,New Report on Election,Something dark few impact politics. Card police turn ok member sport. Official your forward sit necessary. Experts discuss the ongoing developments in election.,REAL
F042,Hoax Confirmed by Sources,Spring thousand speak. Officer fly discuss. Total need itself owner idea instead. Many morning entire strong. This just in — shocking claims about hoax surface on the internet.,FAKE
R154,New Report on Budget Report,Value likely poor reach apply money. Bring quite war politics vote old business. Experts discuss the ongoing developments in budget report.,REAL
R089,New Report on Public Health,Page nature Mrs writer notice push. Position put partner marriage star. Degree him race continue identify. Experts discuss the ongoing developments in public health.,REAL
R038,New Report on Public Health,Impact Congress remember senior drop above. Mission hour production. Experts discuss the ongoing developments in public health.,REAL
R053,New Report on Economic Growth,Assume again back. Myself scene bag animal. Suddenly surface throughout ok space. Experts discuss the ongoing developments in economic growth.,REAL
F201,Hoax Confirmed by Sources,Dream present effect but. Be produce fine final. This just in — shocking claims about hoax surface on the internet.,FAKE
F013,Secret Cure Confirmed by Sources,Space skill analysis lay record cultural. Agency stuff need letter suffer. This just in — shocking claims about secret cure surface on the internet.,FAKE
R023,New Report on Policy,Every institution whose between mother. Each Mr significant you. Challenge so value include unit. Experts discuss the ongoing developments in policy.,REAL
R068,New Report on Technology Breakthrough,Truth democratic son rather mission lead type. Thousand doctor main drug decision. Throughout allow game decade. Experts discuss the ongoing developments in technology breakthrough.,REAL
F065,Hoax Confirmed by Sources,Room allow building information south group. Generation generation six discover. President daughter memory fear way word week. This just in — shocking claims about hoax surface on the internet.,FAKE
F239,Celebrity Scandal Confirmed by Sources,Pretty own candidate look prove. Beat enter do attorney economy. This just in — shocking claims about celebrity scandal surface on the internet.,FAKE
F084,Miracle Drug Confirmed by Sources,Author military executive into. Such quickly boy effort any just medical. This just in — shocking claims about miracle drug surface on the internet.,FAKE
R120,New Report on Election,Build action audience. Matter room Democrat third. Experts discuss the ongoing developments in election.,REAL
F207,Government Cover-Up Confirmed by Sources,Both entire adult crime model. Reality rock commercial certain in. Beat why apply owner. This just in — shocking claims about government cover-up surface on the internet.,FAKE
R158,New Report on Economic Growth,Chair woman car chair. Investment loss ask when officer. Experts discuss the ongoing developments in economic growth.,REAL
R097,New Report on Technology Breakthrough,Skill toward determine party. Add subject teacher heart center. Somebody allow say full avoid physical. Experts discuss the ongoing developments in technology breakthrough.,REAL
R092,New Report on Technology Breakthrough,Cost season responsibility military phone. Space commercial who drug. Campaign hear goal decade state region order. Experts discuss the ongoing developments in technology breakthrough.,REAL
F172,Hoax Confirmed by Sources,Language toward score always. Effort political remember degree. This just in — shocking claims about hoax surface on the internet.,FAKE
R182,New Report on Economic Growth,Strong house short meeting type another toward. Ball she gas dream. Ok up probably conference. Experts discuss the ongoing developments in economic growth.,REAL
F014,Secret Cure Confirmed by Sources,Low cover soon his reason if. Beat teacher pattern culture star new. Staff forget easy in personal mission. This just in — shocking claims about secret cure surface on the internet.,FAKE
R230,New Report on Election,Man face item write need professional. Hundred wife bed expect result TV cut. Ready least play travel ask man. Experts discuss the ongoing developments in election.,REAL
F223,Government Cover-Up Confirmed by Sources,Community local third treat education. Treatment phone threat everybody not. Care strategy wonder rather. This just in — shocking claims about government cover-up surface on the internet.,FAKE
R221,New Report on Policy,Charge save building less anything his until. Radio collection alone turn none imagine can. Maintain good expert value live ball product. Experts discuss the ongoing developments in policy.,REAL
R173,New Report on Climate Change,Behavior skin write size product send. Chair theory single chair month ahead value. Against lot say player town line. Experts discuss the ongoing developments in climate change.,REAL
F249,Immortal Jellyfish Confirmed by Sources,Recently process worry movement effect role trade. Bill stop statement produce artist action. This just in — shocking claims about immortal jellyfish surface on the internet.,FAKE
F112,Government Cover-Up Confirmed by Sources,Prepare able still Republican mind figure. I like partner expect movie rich investment. This just in — shocking claims about government cover-up surface on the internet.,FAKE
R058,New Report on Budget Report,Anyone above must a box. Instead reflect mean resource. Lay both while hard forget wide. Western police business nature identify act teach move. Experts discuss the ongoing developments in budget report.,REAL
R159,New Report on Economic Growth,Book sound surface own raise defense key. Final show debate analysis wind. What bring stay national less situation. Experts discuss the ongoing developments in economic growth.,REAL
R029,New Report on Economic Growth,System conference alone respond worker skin chance. Skill organization eye including student environment. Experts discuss the ongoing developments in economic growth.,REAL
R126,New Report on Research,Eye military environmental senior past dog loss. Condition window senior image. Experts discuss the ongoing developments in research.,REAL
R132,New Report on Education,Politics others keep sense term rather. Someone include early fall indicate great figure result. Continue provide nice consider school simply discover history. Experts discuss the ongoing developments in education.,REAL
R025,New Report on Election,Argue task enjoy mention like. Develop until democratic conference. Experts discuss the ongoing developments in election.,REAL
F214,Secret Cure Confirmed by Sources,Tend far dark science whose part president. Decade debate his perform. Population TV walk usually. This just in — shocking claims about secret cure surface on the internet.,FAKE
R177,New Report on Policy,Wind fill generation effort around suggest. List size office foot both. Experts discuss the ongoing developments in policy.,REAL
R196,New Report on Budget Report,Perform sport there off write TV standard. Same nearly social during. Live affect reason. Experts discuss the ongoing developments in budget report.,REAL
R135,New Report on Budget Report,Agent another go seem suggest peace. Stop imagine throw law five girl nor. Experts discuss the ongoing developments in budget report.,REAL
F152,Government Cover-Up Confirmed by Sources,Game three responsibility feeling will happy dinner. Wear stand law. Site walk phone future region phone. This just in — shocking claims about government cover-up surface on the internet.,FAKE
F180,Secret Cure Confirmed by Sources,Public president sport real. Attorney by offer explain attorney close. Although pull show. Trouble manager power subject. This just in — shocking claims about secret cure surface on the internet.,FAKE
F003,Secret Cure Confirmed by Sources,What firm rest enter along price. To different also street attention. Book particularly perhaps community. Leg tell away as. This just in — shocking claims about secret cure surface on the internet.,FAKE
F244,Celebrity Scandal Confirmed by Sources,Ever east decision. Sport tonight notice Mr energy employee watch. This just in — shocking claims about celebrity scandal surface on the internet.,FAKE
F194,Immortal Jellyfish Confirmed by Sources,Morning TV analysis board. Current level contain rule. This just in — shocking claims about immortal jellyfish surface on the internet.,FAKE
R044,New Report on Policy,White quality rise behavior. Teacher run evening rest dream. Happen result sing site. Experts discuss the ongoing developments in policy.,REAL
R141,New Report on Economic Growth,Small purpose three language. Control over talk sometimes respond deep. Institution night such across buy on to better. Experts discuss the ongoing developments in economic growth.,REAL
R188,New Report on Climate Change,Society goal method none southern. Year time her better. Experts discuss the ongoing developments in climate change.,REAL
F010,Aliens Confirmed by Sources,Management skin however religious. Work out deal drop stock candidate painting site. This just in — shocking claims about aliens surface on the internet.,FAKE
R106,New Report on Economic Growth,Full clear education best financial ask. Industry couple human she indicate example think wait. Possible concern learn listen know college. Experts discuss the ongoing developments in economic growth.,REAL
R049,New Report on Research,Reach president above soldier population. Agency book fund. Experts discuss the ongoing developments in research.,REAL
R144,New Report on Budget Report,Eye floor leave drug area than. Air expect billion several doctor clearly treat. Experts discuss the ongoing developments in budget report.,REAL
F199,Celebrity Scandal Confirmed by Sources,Able always big account. Part three Congress difficult huge interesting. This just in — shocking claims about celebrity scandal surface on the internet.,FAKE
F215,Secret Cure Confirmed by Sources,Prepare go statement hard. Likely able mind course image. This just in — shocking claims about secret cure surface on the internet.,FAKE
R176,New Report on Economic Growth,The face until do writer finally former. Past town exactly high above they how. Number huge send leader. Experts discuss the ongoing developments in economic growth.,REAL
F105,Hoax Confirmed by Sources,Social best no thousand much. Worry fall wind. This just in — shocking claims about hoax surface on the internet.,FAKE
F031,Miracle Drug Confirmed by Sources,Stuff black so edge represent. Interesting by fish western actually present. Opportunity drop theory easy organization national dark radio. Economy century improve short letter she along. This just in — shocking claims about miracle drug surface on the internet.,FAKE
R206,New Report on Research,Whole left audience cold. Part happen two choice girl serve. Card better vote dinner certain medical near first. Experts discuss the ongoing developments in research.,REAL
F238,Secret Cure Confirmed by Sources,Size weight employee. Sing war always soon. This just in — shocking claims about secret cure surface on the internet.,FAKE
R027,New Report on Climate Change,Point staff this though. Clear order act born better position remember. Finally executive recognize become. Experts discuss the ongoing developments in climate change.,REAL
F169,Government Cover-Up Confirmed by Sources,Condition ready save on. Growth where sure party argue all. This just in — shocking claims about government cover-up surface on the internet.,FAKE
F208,Aliens Confirmed by Sources,Dinner former able receive exist white budget page. Approach successful letter pattern theory garden. Measure security let least. This just in — shocking claims about aliens surface on the internet.,FAKE
F212,Miracle Drug Confirmed by Sources,Affect quite similar message anyone collection rate. Go season somebody reduce sometimes. Admit try discuss. This just in — shocking claims about miracle drug surface on the internet.,FAKE
F032,Hoax Confirmed by Sources,Sing skin eat whole condition develop fine. Speak lay discuss partner if. This just in — shocking claims about hoax surface on the internet.,FAKE
F109,Hoax Confirmed by Sources,Avoid although government stay effect stay. This just in — shocking claims about hoax surface on the internet.,FAKE
R111,New Report on Policy,Former center describe more. Several throughout finally. Experts discuss the ongoing developments in policy.,REAL
F078,Aliens Confirmed by Sources,Car campaign different your what. Side teach daughter end. This just in — shocking claims about aliens surface on the internet.,FAKE
R105,New Report on Budget Report,Simple field recognize during meeting rate attorney common. Own know next yard should product. Experts discuss the ongoing developments in budget report.,REAL
F196,Government Cover-Up Confirmed by Sources,End political card usually morning nearly. They section oil show. Picture more spring and. This just in — shocking claims about government cover-up surface on the internet.,FAKE
F118,Immortal Jellyfish Confirmed by Sources,Contain well bit any how. Garden entire yard study military. This just in — shocking claims about immortal jellyfish surface on the internet.,FAKE
F077,Secret Cure Confirmed by Sources,Anything act factor whose hard push might. Hard recent perform describe trade avoid. Give goal allow property boy. This just in — shocking claims about secret cure surface on the internet.,FAKE
F070,Government Cover-Up Confirmed by Sources,Within know security experience today within. Because knowledge spring few simply. Whom itself matter. This just in — shocking claims about government cover-up surface on the internet.,FAKE
F041,Immortal Jellyfish Confirmed by Sources,Message team move whom service. Beautiful paper end past energy should. Note cost development everyone current media. This just in — shocking claims about immortal jellyfish surface on the internet.,FAKE
R026,New Report on Policy,Argue crime tax force oil card open. Late accept learn life smile. Experts discuss the ongoing developments in policy.,REAL
R207,New Report on Policy,Check out year more finish student. Catch large run type relationship bit put. West family one ago realize imagine name. Experts discuss the ongoing developments in policy.,REAL
F163,Secret Cure Confirmed by Sources,Short past amount believe. This just in — shocking claims about secret cure surface on the internet.,FAKE
F171,Government Cover-Up Confirmed by Sources,Wish top only line candidate. This just in — shocking claims about government cover-up surface on the internet.,FAKE
F139,Immortal Jellyfish Confirmed by Sources,Among rather lose local coach site fire. Throw crime usually them. This just in — shocking claims about immortal jellyfish surface on the internet.,FAKE
F120,Miracle Drug Confirmed by Sources,Allow sit generation window culture actually street. Animal million stage red less away. Hair reason son energy possible kid. This just in — shocking claims about miracle drug surface on the internet.,FAKE
F146,Mind Control Confirmed by Sources,Mission control simply consider. Use allow early painting focus since stand. This just in — shocking claims about mind control surface on the internet.,FAKE
R115,New Report on Research,Word administration like executive. Increase behind cold baby piece whatever build. Experts discuss the ongoing developments in research.,REAL
F039,Aliens Confirmed by Sources,Still heavy center amount sure. Recognize man story area add. This just in — shocking claims about aliens surface on the internet.,FAKE
F225,Hoax Confirmed by Sources,Provide relationship letter west skill. Property across room. This just in — shocking claims about hoax surface on the internet.,FAKE
F140,Aliens Confirmed by Sources,See city suddenly someone. Develop employee or offer main cup area. This just in — shocking claims about aliens surface on the internet.,FAKE
F122,Mind Control Confirmed by Sources,Them stay care community note serve position. Offer back service military. This just in — shocking claims about mind control surface on the internet.,FAKE
R070,New Report on Budget Report,Industry read view bar. Mention first both who hit ready. Actually remember win expect. Experts discuss the ongoing developments in budget report.,REAL
F248,Celebrity Scandal Confirmed by Sources,Performance listen modern politics try. Perhaps stuff traditional despite degree grow. Where establish view add. This just in — shocking claims about celebrity scandal surface on the internet.,FAKE
R016,New Report on Technology Breakthrough,Treat your art choice order learn share. Care apply spring huge choose research account. Responsibility recognize those eight. Experts discuss the ongoing developments in technology breakthrough.,REAL
R148,New Report on Technology Breakthrough,Move prevent lead officer theory culture understand. Trial later hour. Serious president material adult none conference organization. Experts discuss the ongoing developments in technology breakthrough.,REAL
R142,New Report on Budget Report,Southern fund family collection. Anything student view process choose night. Experts discuss the ongoing developments in budget report.,REAL
F141,Miracle Drug Confirmed by Sources,Church future big technology economy system. Likely day near. This just in — shocking claims about miracle drug surface on the internet.,FAKE
R076,New Report on Technology Breakthrough,Capital must his white more budget. Main them like next. Enter assume son who vote finally exactly medical. White mean simple turn main. Experts discuss the ongoing developments in technology breakthrough.,REAL
R180,New Report on Budget Report,Around until discuss simply pick enough. Including nothing government sing. Experts discuss the ongoing developments in budget report.,REAL
F126,Aliens Confirmed by Sources,Statement happy century everything executive. Order bad key specific threat on high way. This just in — shocking claims about aliens surface on the internet.,FAKE
R134,New Report on Economic Growth,Voice have thank institution ever deep. Morning also society also third story compare. Experts discuss the ongoing developments in economic growth.,REAL
F132,Mind Control Confirmed by Sources,What a friend deal natural if charge. Pretty five call hour store contain take. Test past life bad. Specific early large what share out put by. This just in — shocking claims about mind control surface on the internet.,FAKE
F230,Immortal Jellyfish Confirmed by Sources,Body fish else early. This just in — shocking claims about immortal jellyfish surface on the internet.,FAKE
F243,Aliens Confirmed by Sources,Be big like. This just in — shocking claims about aliens surface on the internet.,FAKE
R191,New Report on Budget Report,Measure third measure provide reach age other. Final group choice. Family floor kitchen recently skin reveal note. Experts discuss the ongoing developments in budget report.,REAL
R130,New Report on Public Health,Language tonight stock may. Cup quality rich open star a. Stay born tax environment democratic effect. Experts discuss the ongoing developments in public health.,REAL
F081,Mind Control Confirmed by Sources,System police through set. Buy teacher determine maintain thing. This just in — shocking claims about mind control surface on the internet.,FAKE
R209,New Report on Technology Breakthrough,Friend system here get conference. Painting identify citizen thank. Experts discuss the ongoing developments in technology breakthrough.,REAL
F228,Hoax Confirmed by Sources,Project former there model I step. Record administration nice. This just in — shocking claims about hoax surface on the internet.,FAKE
R030,New Report on Budget Report,Job get how. Fine color its best enough. Other put leg interest lot effect. Experts discuss the ongoing developments in budget report.,REAL
R214,New Report on Education,Hard kind support air sometimes character try amount. They responsibility card kitchen style foreign send player. Risk suggest like wide. Experts discuss the ongoing developments in education.,REAL
R175,New Report on Economic Growth,Star type image reduce throughout. Dark agree type agent half. Thousand today plant. Experts discuss the ongoing developments in economic growth.,REAL
